"x","y","true_label","db_label","km_label","disco_db","disco_km"
1.69487603296457,7.07062273264665,0,0,2,0.679940821919244,0.666117973684111
2.98671082121394,4.3021899438025,0,0,2,0.745437643141864,0.730052219772489
1.74874218086337,5.01044676252851,0,0,2,0.71992513855868,0.705148373816239
1.18496460662453,5.01246840614283,0,0,2,0.629936195982781,0.617306321446627
2.51140167298078,5.85940206167116,0,0,2,0.751752374500318,0.736216298900561
2.97523681601083,5.25262815304178,0,0,2,0.765232300424042,0.749374630635948
1.1379026777541,6.80849796798966,0,0,2,0.688922970478818,0.674885832729641
2.93260094227034,5.23404246817647,0,0,2,0.766019477602054,0.750143027918055
0.587261444518046,7.32114274545945,0,0,2,0.454454331561263,0.446010974671872
2.62439676257828,4.99284655859588,0,0,2,0.76623082494665,0.750349333092677
1.51130092653735,6.74841860465399,0,0,2,0.690981457503622,0.676895209880422
-0.54240107829599,6.75410676268887,0,-1,2,0.0178257699041039,0.00240109769809597
3.92256802539423,3.50926924098939,0,0,2,0.729319627779951,0.714318736202314
2.8189934421353,4.7342011913183,0,0,2,0.764065562858675,0.748235728239887
2.48309990520085,4.70344271068178,0,0,2,0.761159157202944,0.745398661479127
1.82117787478559,5.65515868377204,0,0,2,0.763140419810816,0.74733265657649
2.83989688394351,4.74364292574473,0,0,2,0.76532060991314,0.749460833302009
4.81911276238285,1.74688486195387,0,-1,2,0.00268776444875865,0.00732180611567333
5.12821428685223,2.50904767013895,0,0,2,0.271495961523507,0.267417491269616
1.52136409986505,6.7904572150437,0,0,2,0.690950323180521,0.676864818337172
2.69964637524062,4.5564358339207,0,0,2,0.760783953812563,0.745032409416111
4.4794101776006,3.24290608384392,0,0,2,0.657194885264755,0.643914692907539
2.84531485679307,4.98469796904366,0,0,2,0.764587359396405,0.748745076138435
1.56381117126555,6.61173431554683,0,0,2,0.690194355722149,0.676126886196098
0.376843136203278,6.8522344785411,0,0,2,0.511917032430584,0.502102772559207
3.00650923161175,4.60354956342634,0,0,2,0.765901285600516,0.750027655654623
2.60675795117398,4.56710514115133,0,0,2,0.757472280375571,0.741799743455646
4.42333385259364,3.2248917635551,0,0,2,0.655257662418693,0.642023686903642
2.22568289049533,5.69079124402877,0,0,2,0.732796785739474,0.717712938676915
2.77587276039024,3.93340818300918,0,0,2,0.753595464106806,0.73801541742669
2.10825911335854,5.56361935166969,0,0,2,0.759703714434022,0.743977941596561
1.46099162224691,5.43947089385946,0,0,2,0.751259624980628,0.735735305037596
1.79434799494429,6.46559946017257,0,0,2,0.65183309756609,0.638680822808181
3.28604622227258,4.50875148145005,0,0,2,0.763807190971138,0.747983520399389
2.05557498871905,5.61477779120657,0,0,2,0.760905617705372,0.745151170740977
4.42444801260015,3.32282022260602,0,0,2,0.703942557124765,0.689547093090717
2.89624894360181,3.75075384557142,0,0,2,0.754615741647443,0.739011353933895
3.39963824438315,4.11475941688813,0,0,2,0.754727346016257,0.739120295727514
4.95481134928609,2.3907266601179,0,0,2,0.20559834385371,0.203092010641808
2.76011839020771,5.33588980966285,0,0,2,0.763961186221348,0.748133841743838
2.51454559569081,5.4466519048922,0,0,2,0.763532987250754,0.747715858430302
2.56306298813109,4.30570280930258,0,0,2,0.761248810704166,0.745486176092856
1.30686484467283,5.39720146459076,0,0,2,0.692128506563051,0.678014893484481
2.86724907827391,3.84290017298216,0,0,2,0.754615741647443,0.739011353933895
4.37166103602193,4.00153050368102,0,0,2,0.668106559216746,0.654566044143526
1.39780213422941,4.80568888462866,0,0,2,0.654828846262403,0.641605101128773
3.02943291923873,3.82744023417981,0,0,2,0.754614736503559,0.739010372769997
0.993862623051147,6.523034984945,0,0,2,0.686915944734086,0.672926689133446
2.73000427876885,4.32499508914827,0,0,2,0.761749666538416,0.745975082875873
2.11952967956018,5.99482828235271,0,0,2,0.727860324609348,0.7128942480167
2.50899697287815,5.68427310606899,0,0,2,0.75596492410885,0.740328348589446
3.30658610221354,4.16239166874223,0,0,2,0.743608145281041,0.728266368730125
1.22636070223667,7.03163463236274,0,0,2,0.672778338959766,0.659126367991086
1.76563223626593,5.61418919690346,0,0,2,0.763419963917615,0.747605531524968
1.99548760205001,4.68377112279229,0,0,2,0.744118088693932,0.728764146286994
2.5368907070293,5.61698844848401,0,0,2,0.751752374500318,0.736216298900561
2.02107134929879,5.94595959078238,0,0,2,0.760351185264549,0.744609965542781
2.3910576631497,5.07949271575132,0,0,2,0.767305863300818,0.751398723970079
5.96097151026114,2.18261278509888,0,-1,2,0.193367614600792,0.00125601649784767
2.32241726802912,5.41999279274073,0,0,2,0.745371149431681,0.729987312420486
2.60916944854939,4.33885156322671,0,0,2,0.761230540612193,0.745468341875342
1.99913149079686,4.88767440156207,0,0,2,0.755813270581998,0.740180313101236
1.76839515328919,5.48883889996175,0,0,2,0.76295955470724,0.747156106419933
1.61745694141347,7.05356968056183,0,0,2,0.688839207198938,0.674804067812671
3.27986561463945,4.25428492027803,0,0,2,0.74689124176859,0.731471139509052
0.797170907508501,6.02940738272197,0,0,2,0.706463332759514,0.692007729908767
1.89060467034607,5.09508562962063,0,0,2,0.75833326200068,0.74264018441247
1.47114708213248,6.14953585251794,0,0,2,0.711457966088703,0.696883204938375
2.3881245025781,6.81946104095063,0,0,2,0.398084480369191,0.390985954055535
1.72465726034296,5.73678405167778,0,0,2,0.762156563456719,0.746372272345862
3.41259615492022,3.72453140999258,0,0,2,0.741603907391629,0.726309946478641
2.58010391656976,4.89092735604615,0,0,2,0.763008518031096,0.747203901612711
1.79627041877724,5.60417314937706,0,0,2,0.763419086372005,0.747604674915198
3.36359078081603,3.86346331167894,0,0,2,0.754735591573806,0.739128344568597
3.1947237009125,4.55607637337895,0,0,2,0.766472935391627,0.750585667444189
1.47639424461547,5.1951027796643,0,0,2,0.711672996116888,0.697093104937821
1.5455758887917,5.6569212032259,0,0,2,0.760226322354355,0.744488081520341
2.40656329320388,5.87937039391481,0,0,2,0.743758061699512,0.728412708552612
2.99211749806618,3.63409746162084,0,0,2,0.751953403735554,0.736412532127711
3.27257657864076,3.46565670353998,0,0,2,0.708027154711747,0.693534243343559
0.652864434859817,6.32594542800466,0,0,2,0.590892196524996,0.579193805098331
2.7552592957507,5.79627986738342,0,0,2,0.73323503735759,0.71814073480928
2.58727357834081,5.27278736809435,0,0,2,0.765961546525094,0.750086478918251
2.42583024356983,4.67223552700157,0,0,2,0.761159157202944,0.745398661479127
3.73879660008753,3.73355117434824,0,0,2,0.753002181483887,0.737436288905555
1.74808108494937,5.53181660838426,0,0,2,0.763419086372005,0.747604674915198
1.94994641824054,3.99447003522203,0,0,2,0.548688414878049,0.537996890327386
2.9504714324004,5.06711773107369,0,0,2,0.766045819315784,0.750168741190495
2.18935066367801,6.64715443930312,0,0,2,0.55644817253115,0.545571521372353
1.5515670459406,5.77533286491932,0,0,2,0.76131345665668,0.745549279769638
1.25737324026421,6.67750118578907,0,0,2,0.68960353237994,0.675550158283958
2.85836485803771,4.35953401050244,0,0,2,0.761736713827728,0.745962439181459
2.07480728146603,5.93898993123498,0,0,2,0.753763535055933,0.738179478662353
0.341477681704467,5.75949559259217,0,0,2,0.449027196194639,0.4407133159213
3.70412446824884,3.87411405782091,0,0,2,0.755100964710759,0.739485000901163
3.55375362226915,4.24813985915565,0,0,2,0.737575151711418,0.722377305897306
3.73955404232329,3.86559895773159,0,0,2,0.754532713407858,0.738930306521169
3.75767006219976,3.19679695409602,0,0,2,0.69177301176394,0.677667879819616
2.38533182628275,5.05310464535989,0,0,2,0.76723757779858,0.751332067573282
2.32897865875315,6.19915164092757,0,0,2,0.706898047730782,0.692432073769012
1.24187810281335,6.26104432736073,0,0,2,0.704256065784626,0.689853122290855
1.16384613333153,5.85533450204533,0,0,2,0.730544189550848,0.715514083276409
3.53984409609379,3.93549588536091,0,0,2,0.755100964710759,0.739485000901163
0.328845604639288,6.70625395295282,0,0,2,0.494395022898495,0.484998790282268
3.24563656244824,4.3470008607887,0,0,2,0.761241989980935,0.745479518093439
2.4076417626402,5.12896940285638,0,0,2,0.767265845014396,0.75135966041059
2.79032708643498,4.40459567624308,0,0,2,0.761433762566926,0.745666715509694
2.31432559488329,4.55768170904026,0,0,2,0.727871165767009,0.712904830533971
2.69676634416696,5.59152338366528,0,0,2,0.75596492410885,0.740328348589446
2.38561261806767,5.13556675227505,0,0,2,0.76723757779858,0.751332067573282
2.54875750142126,4.99612292267548,0,0,2,0.76623082494665,0.750349333092677
2.62664414960189,5.35333941622487,0,0,2,0.766039680928584,0.750162749248435
3.33622192053794,4.81796437939884,0,0,2,0.765342821414463,0.74948251489762
3.22828234482407,4.67062756869519,0,0,2,0.766548796393508,0.750659718609914
4.05661051832081,3.0722596929169,0,0,2,0.703876981208982,0.689483081637048
3.03264777920628,4.73065778780802,0,0,2,0.766226168331505,0.750344787571641
3.28587544505266,4.71053119209477,0,0,2,0.766262262022127,0.750380020165459
-0.385443965594708,7.78209041031114,0,-1,2,0.0561292185987912,0.00231064131661083
4.31968293527781,3.9624838242619,0,0,2,0.703870426962158,0.689476683756639
2.02531013571444,4.81322120869573,0,0,2,0.734919732789012,0.719785238012427
4.21976971234291,3.58671533944278,0,0,2,0.725107589317888,0.710207185465341
3.98239823467735,3.39798620210825,0,0,2,0.729759017724522,0.714747643503777
2.35308141568198,5.11465934774468,0,0,2,0.767305863300818,0.751398723970079
3.54536004928333,3.95479216308529,0,0,2,0.755078302935711,0.739462879774128
1.92973473285689,4.42591158483773,0,0,2,0.689999021094323,0.67593621171859
3.21015332025496,4.81182991196127,0,0,2,0.765626268286739,0.749759199502258
2.78139464856867,3.99414622713863,0,0,2,0.739972818180422,0.724717770597816
4.61351572040365,2.86651564246437,0,0,2,0.518739238482523,0.508762219421639
4.04864175309225,3.97958877886063,0,0,2,0.711237536610217,0.696668034304754
2.33346654327515,5.21002340694817,0,0,2,0.766232141480877,0.750350618217996
1.66852455585642,5.35917555952643,0,0,2,0.758566034927929,0.742867404013905
3.15149496824549,4.61762670930635,0,0,2,0.766548796393508,0.750659718609914
2.74408788705236,5.24421979378066,0,0,2,0.765961546525094,0.750086478918251
1.27399515430002,6.12938834129109,0,0,2,0.730713169618775,0.715679031941782
0.677244784835779,6.19751167147985,0,0,2,0.619331200087664,0.60695433176731
3.67389219282202,3.87256693731537,0,0,2,0.755100964710759,0.739485000901163
3.06166210129205,5.31557051558441,0,0,2,0.746359447784237,0.730952032675631
1.65306504820178,6.67334935609552,0,0,2,0.690981457503622,0.676895209880422
3.23564447741237,4.75033139672199,0,0,2,0.766372266994799,0.750487400720156
2.72171668499944,5.11165576487354,0,0,2,0.765776494040997,0.749905841280627
2.5970859291935,4.91646573662733,0,0,2,0.765454438061611,0.749591468676644
3.2189755012055,3.85696428457499,0,0,2,0.753860834242675,0.738274456556444
3.10382649414346,4.67104945621775,0,0,2,0.766418479477272,0.750532510699109
2.88312176520939,5.3213576657673,0,0,2,0.765966509321294,0.750091323315698
2.74208553837809,4.3739469166302,0,0,2,0.761749666538416,0.745975082875873
1.24516374540416,6.08062197087926,0,0,2,0.730786977171505,0.715751078648039
2.63848426996604,4.12954517349964,0,0,2,0.760606170015045,0.744858867054071
3.48635867770385,5.07773564941395,0,0,2,0.65039022686168,0.63727237505503
1.74151164334165,5.70326291583464,0,0,2,0.763073141248009,0.747266983096301
3.1799579303273,3.46410085300508,0,0,2,0.734651028211688,0.719522943991877
2.3136810576476,4.72831121595635,0,0,2,0.740570733667756,0.725301421455883
4.39055025819316,3.63600238217168,0,0,2,0.703870426962158,0.689476683756639
1.04421640253238,5.99249190363868,0,0,2,0.730786977171505,0.715751078648039
3.06272951909414,4.98872545336441,0,0,2,0.760243408401486,0.744504759941088
3.13405719818509,4.65269656600249,0,0,2,0.766472935391627,0.750585667444189
3.42315868585994,3.32577869014148,0,0,2,0.660137579553344,0.646787182553564
2.59989289347309,5.08361111406218,0,0,2,0.766075566550917,0.750197778737904
3.0773337328043,3.89864767426714,0,0,2,0.75387378122653,0.738287094660652
3.15162576383237,4.53256281166651,0,0,2,0.765908631595445,0.750034826394192
1.64796437054757,6.84901475282515,0,0,2,0.690757254661703,0.676676355905506
2.95251217739889,5.08432600581347,0,0,2,0.766045819315784,0.750168741190495
3.96831505202181,4.22012535640155,0,0,2,0.648074144941161,0.635011548518671
2.48197330299335,5.32431894782146,0,0,2,0.766039680928584,0.750162749248435
2.98679420219333,4.7259076824297,0,0,2,0.766181471541276,0.750301157124659
1.9296845934956,5.66730745283437,0,0,2,0.761497313018121,0.745728749820823
1.0745847355648,6.57925831979922,0,0,2,0.687774848320046,0.673765101627455
2.94277786469618,3.36048848636842,0,0,2,0.696307612381795,0.682094297260991
2.46144990297743,5.91513241282821,0,0,2,0.720549610208991,0.70575794727982
2.54213712676785,5.22022079703678,0,0,2,0.765997414824577,0.750121491498145
1.45033362141332,5.82888783500474,0,0,2,0.730544189550848,0.715514083276409
2.22603468543671,4.24404799495088,0,0,2,0.695362243940157,0.68117148272643
1.59455343712555,5.84946040022427,0,0,2,0.760226322354355,0.744488081520341
3.93837616764542,2.7779161118032,0,0,2,0.490428797628792,0.481127188306758
1.24813465786855,7.29197358845548,0,0,2,0.585867284981091,0.574288774209452
1.13563511154271,5.44960870268867,0,0,2,0.654538835873079,0.641322009594663
2.87650949162086,5.06023910915091,0,0,2,0.765776494040997,0.749905841280627
4.10714668376228,3.56768368545908,0,0,2,0.753002181483887,0.737436288905555
2.17643580196575,6.02522223007459,0,0,2,0.756456716119713,0.740808407787127
1.95088880537686,5.46444480487776,0,0,2,0.761015938403358,0.745258859488644
1.94209205731473,4.4287603828619,0,0,2,0.681464835324497,0.667605628295046
1.57519641269932,4.39289297378256,0,0,2,0.578114525483829,0.566720974363452
3.4531418544977,4.72790454170084,0,0,2,0.756222465006575,0.740579745265278
1.95952416379417,5.23313969268881,0,0,2,0.756416404171348,0.740769057571667
1.75187479384152,4.86994695114064,0,0,2,0.734919732789012,0.719785238012427
2.854761819932,4.76898241653971,0,0,2,0.765800618839132,0.749929390527018
3.97044975578104,3.66753610197859,0,0,2,0.753002181483887,0.737436288905555
1.86142769057272,5.83133081282209,0,0,2,0.761172318577242,0.745411508859008
1.72970237213546,5.3921950142695,0,0,2,0.761692081926828,0.745918872075723
2.93521977356466,3.68096826493835,0,0,2,0.754602518978592,0.738998446721782
3.95497371253358,3.11013736553453,0,0,2,0.704750561493647,0.690335820683847
2.1837852867048,5.11371003236221,0,0,2,0.76203681979223,0.746255385437917
2.95739097695132,4.7335283275611,0,0,2,0.766226168331505,0.750344787571641
2.07746691882861,5.10734969810856,0,0,2,0.75833326200068,0.74264018441247
4.03094006725078,3.8166175965424,0,0,2,0.726254490568886,0.711326724787275
3.5942951092603,4.08232221132146,0,0,2,0.754837161204383,0.739227491025405
1.01448172981721,5.79202227713748,0,0,2,0.685227640113019,0.671278662846054
1.93674049584011,5.28370588130991,0,0,2,0.75833326200068,0.74264018441247
1.80867063791375,5.53889727361918,0,0,2,0.763419963917615,0.747605531524968
0.677002582053456,6.9846578936063,0,0,2,0.589783478235604,0.578111537796903
2.07047249132316,4.84069059962736,0,0,2,0.741140374310058,0.725857472029439
-0.821490928219524,3.27864533393145,1,1,0,0.736815067849013,0.725941734675102
1.27815048526189,0.754750650427815,1,1,0,0.726343836878455,0.71559084086825
0.129481396342378,1.54587181436393,1,1,0,0.760718329102176,0.74957029559259
0.18430833089451,1.58723195631067,1,1,0,0.760501690622346,0.749356146758943
1.31545995718611,1.40229074659651,1,1,0,0.749365769407206,0.738348201440624
1.05288373765941,0.257911858823061,1,1,0,0.625967254454575,0.616367803167561
1.01578157551291,2.31067853311976,1,1,0,0.729720563312559,0.718928761389006
-0.460694683030225,2.21431864251961,1,1,0,0.747204918602251,0.736212183499904
-0.887142247410632,3.51070825167413,1,1,0,0.737011461060272,0.72613587090224
3.10866039549137,0.403987721779462,1,1,0,0.644340786678438,0.634530183640374
1.8267468800664,1.65329741023833,1,1,0,0.668581166893624,0.658491989291552
0.749098340732826,1.39583680425591,1,1,0,0.761952470170401,0.750790253702175
1.54119052470614,-0.647477094614536,1,1,0,0.530298117874668,0.521798112544162
1.20071701255247,0.926384783353769,1,1,0,0.754515240869808,0.743438494303104
0.957707853750711,0.627121047410314,1,1,0,0.742258288316077,0.731322400728623
0.992626952046637,0.776951962781834,1,1,0,0.739657118703077,0.728751124198339
3.00267662169033,-0.288661567842495,1,1,0,0.645906161303954,0.636077568714986
-0.0255042129959604,1.72216631481241,1,1,0,0.746307964987639,0.735325537828481
1.05115331346167,1.02562057965021,1,1,0,0.756958799046678,0.745853970694635
-1.16003705043122,3.32937218488072,1,1,0,0.711122247622074,0.700544180699324
-0.651385444116032,2.31822584088439,1,1,0,0.72224435148071,0.711538467452545
1.78810959546695,0.0391602574905672,1,1,0,0.711236169767609,0.700656793632225
0.594942372688972,2.10133834902967,1,1,0,0.750169613047644,0.739142807173502
0.997771558769724,1.05226703466886,1,1,0,0.745059769431109,0.734091686747156
-0.149508870307156,3.01376542834645,1,1,0,0.73965259125282,0.728746648778309
0.244856982063317,1.65617842476545,1,1,0,0.76126693853278,0.750112600310497
1.22104470087968,1.35262208602829,1,1,0,0.749484442805854,0.738465511024432
-0.102773483940622,2.11681589715842,1,1,0,0.75097386600812,0.739937817522442
0.223571696954107,1.84368527112835,1,1,0,0.761725689108303,0.750566078846537
0.758156408118003,1.71285165551137,1,1,0,0.761568383867366,0.75041058138413
-1.76568717129193,3.77127114098788,1,1,0,0.570734159582274,0.561769456396828
0.873597215538062,1.06314801220618,1,1,0,0.756958799046678,0.745853970694635
1.06671928537649,1.37918819963868,1,1,0,0.747992989437443,0.736991197691291
1.75069669499207,-0.192087954252984,1,1,0,0.711236169767609,0.700656793632225
0.102093520303507,1.31708394834486,1,1,0,0.728329409967287,0.717553595414113
-0.224473555286008,2.94315358711745,1,1,0,0.74065329510979,0.729735852376695
2.91831563365965,-0.126664178433782,1,1,0,0.6471152991761,0.637272810969465
0.599875352979528,1.3753343318769,1,1,0,0.761517725062372,0.750360504758723
2.02814011162966,0.849489265793595,1,1,0,0.664871208970191,0.654824666834305
-0.870196276126912,3.45443684798509,1,1,0,0.737011461060272,0.72613587090224
-1.17808246976633,2.97026324236752,1,1,0,0.71157219938679,0.700988961541985
0.330519757419143,2.33217884947711,1,1,0,0.721332114631638,0.710636714184186
-0.389375711320781,3.90882914017981,1,1,0,0.503857673879393,0.495661526619296
1.19955180703584,0.680250534680874,1,1,0,0.742739513448473,0.731798095540114
0.0097157742438489,3.30381965560131,1,1,0,0.642746172755454,0.632953895291264
1.54192745979637,1.61479696672456,1,1,0,0.74942056358031,0.73840236590979
1.11773101968988,3.09097719871318,1,1,0,0.359367744534517,0.352832100068252
0.55114871183254,1.22313032906243,1,1,0,0.755338669774314,0.74425246022287
0.712734578894839,1.42845767818611,1,1,0,0.762005851306055,0.750843021372757
-0.218960440154664,2.22658038019705,1,1,0,0.744052111186334,0.73309560868197
1.60031240487587,0.165394080127562,1,1,0,0.711073031369761,0.700495530048537
0.776433872442941,1.55011125030212,1,1,0,0.761508669189937,0.75035155295791
0.670259752163878,2.32896784547925,1,1,0,0.737580878798054,0.726698744794727
0.744878746588012,1.19855822326943,1,1,0,0.758504119710067,0.747381532270657
-0.0219278726309867,1.49760762255512,1,1,0,0.748977198431525,0.737964095988553
1.30885650632858,1.9399665250524,1,1,0,0.703584058499411,0.693092621725595
-1.00538658951908,3.68928028915501,1,1,0,0.72249033595154,0.711781625028082
-0.156631320261504,2.64146332874555,1,1,0,0.741112486982112,0.730189767138077
-2.20279215983419,5.31845952489089,1,-1,0,0.241867746747828,-0.000583291849414654
1.11438888470639,0.746620031419126,1,1,0,0.754515240869808,0.743438494303104
-0.164636222373598,2.84359213155535,1,1,0,0.741179038030161,0.730255553370185
-2.0979020575132,3.60296449728346,1,1,0,0.361306007937342,0.35474808861905
0.167408735419865,2.09874982535338,1,1,0,0.748646791523892,0.737637486173186
1.40569572167718,0.433818137688928,1,1,0,0.70793906525045,0.697397579999829
1.06177738936057,0.25089750135255,1,1,0,0.623177606938739,0.613610214754494
0.453145186610875,1.6788589685315,1,1,0,0.760413050058332,0.749268524867336
-1.21351195257894,2.83253047345737,1,1,0,0.658664290509411,0.648689079334042
-0.353655206305563,2.52039813382697,1,1,0,0.738009371724711,0.727122313407939
3.22077276466432,0.0352935193708892,1,1,0,0.645102170045032,0.635282817060082
1.22745336962543,1.05837819716214,1,1,0,0.747775150791937,0.736775862484475
0.282403903288016,1.56340688044698,1,1,0,0.761005587660286,0.749854252926591
1.87452340392199,0.115916797450964,1,1,0,0.71122811422976,0.700648830669984
-0.173440515406858,2.58341716171375,1,1,0,0.740689897848891,0.729772034470905
3.46654081367213,-0.396400035709219,1,1,0,0.417807969104951,0.410600719658246
0.145307315528235,1.74587446028392,1,1,0,0.760501690622346,0.749356146758943
1.20012606263745,1.67949162235678,1,1,0,0.735551689363594,0.724692875149683
1.41099856954119,1.6807240917503,1,1,0,0.749204855690029,0.738189136971199
0.609359294559768,1.3143753787745,1,1,0,0.761768546171136,0.750608443388729
0.55968938603913,2.52000853911029,1,1,0,0.721332114631638,0.710636714184186
0.00705436527281128,2.13839600868763,1,1,0,0.746622355995444,0.735636315801459
0.735738526336347,1.56250818970727,1,1,0,0.761545454817113,0.750387915838415
2.93892182544391,0.20111173818367,1,1,0,0.646990844168387,0.637149786219826
1.63642366173385,-0.0825291835177682,1,1,0,0.711073031369761,0.700495530048537
2.22885147768878,0.446071323440176,1,1,0,0.663592909337215,0.65356105763769
-0.67851558644146,2.21958266195388,1,1,0,0.734138092356795,0.723295523439631
0.905724387819913,1.69471329075309,1,1,0,0.761649876781864,0.750491137768222
0.399009808843388,2.26468823285242,1,1,0,0.740087553078033,0.729176611948397
2.14489151363795,0.174857558369113,1,1,0,0.710179711128369,0.699612475994991
1.17495700434187,1.35149812354806,1,1,0,0.749484442805854,0.738465511024432
0.0228625560086165,2.50267176827886,1,1,0,0.739823927554058,0.72891601605369
0.964571863388485,1.8905118311831,1,1,0,0.761211530341216,0.750057828879275
1.00430738937541,2.06279610723114,1,1,0,0.760250552639631,0.749107894896553
0.381640452201903,1.53048303308726,1,1,0,0.758025348825268,0.746908263502133
-0.515069038214328,3.32495680146631,1,1,0,0.725401287128739,0.714659123060246
1.58018321023462,1.59036458969235,1,1,0,0.749018754031027,0.738005174024052
-0.0485318053335722,2.66972301859124,1,1,0,0.741192664359303,0.73026902310324
-0.189181177555435,2.99573725694455,1,1,0,0.739544887795924,0.728640183067822
2.44078685923317,1.24605257823313,1,1,0,0.522033426848604,0.513628400750223
0.464825050155112,2.01917975937334,1,1,0,0.761007392318998,0.749856036845859
0.458904304834545,1.73536549742462,1,1,0,0.761577456869605,0.750419550117888
-0.672561797982173,2.78618198687476,1,1,0,0.740277838049244,0.729364710132419
-0.583619668334632,2.63522828236139,1,1,0,0.739001753527911,0.728103290591009
0.819070725721236,2.11391841726725,1,1,0,0.755944739400604,0.744851564794141
0.460355937425684,2.04565198144004,1,1,0,0.761027791704433,0.749876201798094
1.57417130008396,1.36356448012906,1,1,0,0.748071811947902,0.73706911436008
0.908735628415805,1.79314652762481,1,1,0,0.761658607744369,0.750499768393024
1.96202852039658,1.10314191560045,1,1,0,0.611256368434446,0.60182597714661
1.86720875287959,1.13890495415855,1,1,0,0.646457182362199,0.636622257345699
1.5812136567228,0.320414517482243,1,1,0,0.709960461900284,0.699395746416251
-0.290843151476404,2.76320092613438,1,1,0,0.74065329510979,0.729735852376695
-0.587539523292591,3.05124505215174,1,1,0,0.738240311547828,0.727350599231408
0.38616589613302,0.81996546502051,1,1,0,0.634258570937959,0.624563834434546
1.70254670843334,0.63438373960598,1,1,0,0.701641888450671,0.69117277142472
0.762057639614583,1.87761132201627,1,1,0,0.760066505990897,0.748925963343147
-2.08764123279422,3.91501562778903,1,1,0,0.487661797859751,0.479651776355969
-1.48686285860989,4.09503177212888,1,1,0,0.485696434626181,0.477708999410281
1.86959024955507,-0.437893370923862,1,1,0,0.665287197928378,0.655235875176775
0.993757345805441,1.54510362798148,1,1,0,0.750700269846448,0.739667365574301
-0.913273582218404,3.60296271159459,1,1,0,0.736797542791093,0.725924411018122
0.909504322244743,2.12928282841456,1,1,0,0.761342955426183,0.750187743604857
-1.27930634915636,3.37145593631589,1,1,0,0.649527191907499,0.639656985820199
0.386115932568371,0.98638130832092,1,1,0,0.718575396567302,0.707911676791771
-0.0219344868967046,2.54709469314498,1,1,0,0.741192664359303,0.73026902310324
0.182130475873106,1.95250286757371,1,1,0,0.761266012024028,0.750111684449341
-2.99208449743698,5.08126881899464,1,-1,0,0.320756951980807,0
-0.915115787579281,2.31564180512461,1,1,0,0.612436569419313,0.60299261506143
1.55549263711712,0.324634934203847,1,1,0,0.707452405354961,0.696916512882465
1.47287548481976,1.50616365789622,1,1,0,0.74942056358031,0.73840236590979
0.33207364891962,2.40868573375245,1,1,0,0.735243285204961,0.72438801522399
2.72973346616829,0.0421608689387876,1,1,0,0.6471152991761,0.637272810969465
2.3477118429207,-0.137250389086623,1,1,0,0.643997977269273,0.634191313855128
1.67782569641628,0.624670745170975,1,1,0,0.709168518183268,0.698612903850856
0.748559595895518,1.31873629609635,1,1,0,0.762005851306055,0.750843021372757
-0.591501454080525,3.30724161692394,1,1,0,0.736575334576095,0.725704756457649
0.906592098916684,1.63143043458913,1,1,0,0.761353643396822,0.750198308747524
0.0952550330280343,1.7358676955273,1,1,0,0.760025299524499,0.748885230428455
0.599258720673826,1.76373812346994,1,1,0,0.760112980647635,0.748971903905242
1.44656353405715,1.26724571922155,1,1,0,0.74458055424206,0.733617978780402
-1.23579368886379,2.92157540797472,1,1,0,0.711159099317099,0.700580608888414
1.64576482534031,0.645699357746218,1,1,0,0.70859051262459,0.69804154083017
1.02941680569983,1.85025061475859,1,1,0,0.754655731026749,0.743577369923315
0.324154174273782,0.8945438371016,1,1,0,0.654771249260044,0.64484077757552
0.311284762029658,2.72748717103612,1,1,0,0.68110944592559,0.670876291214326
-0.622468712241397,4.04889494772743,1,1,0,0.561753358776889,0.552891864478705
0.673609819441338,3.05139626206021,1,1,0,0.597111500104033,0.587843664044007
-1.15574931302723,3.04394109153663,1,1,0,0.71157219938679,0.700988961541985
-0.131846465676417,2.76883940738692,1,1,0,0.741179038030161,0.730255553370185
1.24220931670296,1.2320697230178,1,1,0,0.749365769407206,0.738348201440624
0.322888050063955,1.79393576887064,1,1,0,0.761769556616942,0.750609442222321
-0.795728735038935,3.39075916052404,1,1,0,0.736984714671548,0.726109431887556
2.64598264761024,0.671043905876572,1,1,0,0.601350482478088,0.592033931313092
0.775953431580402,2.75719811649597,1,1,0,0.615196543471127,0.605720871022961
0.772181845751212,1.74329570229739,1,1,0,0.761684857271907,0.750525716256537
-0.475880543093241,2.66537441674505,1,1,0,0.740753737250368,0.729835140219144
0.433515167876913,3.30707785117882,1,1,0,0.471225356493327,0.463404225363659
0.0923806186948001,2.023875566139,1,1,0,0.75097386600812,0.739937817522442
-1.19921850439546,3.23212851239828,1,1,0,0.71157219938679,0.700988961541985
1.6905194915013,-0.209383299392081,1,1,0,0.710732580792997,0.700158991987589
-0.507255779649354,2.70308148739876,1,1,0,0.740777841940142,0.729858967893732
2.0918150715723,0.0785607380020419,1,1,0,0.709651128356566,0.699089967786124
-0.307594464884592,2.22520955647423,1,1,0,0.747204918602251,0.736212183499904
0.412035209458288,1.90007047588998,1,1,0,0.761663520198707,0.750504624392603
-0.489264694313623,2.8396804742958,1,1,0,0.740777841940142,0.729858967893732
0.380663398847066,1.84598158501142,1,1,0,0.761577456869605,0.750419550117888
1.90993798818742,-0.0805945490719373,1,1,0,0.711182851801116,0.700604088404854
2.74220878501486,-0.169436656899626,1,1,0,0.646930076310036,0.637089716716019
0.0905871056762179,2.52534274337103,1,1,0,0.735243285204961,0.72438801522399
0.850546296119688,1.9966302454302,1,1,0,0.761342955426183,0.750187743604857
1.40175858970704,1.5039803024438,1,1,0,0.74942056358031,0.73840236590979
0.722908128210376,1.37040542204806,1,1,0,0.761993879483652,0.75083118713257
0.714864001045742,0.606491874704407,1,1,0,0.643050389559489,0.633254615984149
0.971400355363658,1.94136023872841,1,1,0,0.761422914236226,0.750266783514684
1.53635109383368,0.882829096212897,1,1,0,0.719978500533782,0.709298656049305
2.90551285435551,0.0459170782083929,1,1,0,0.647084128860134,0.637241998868062
0.443156070893457,1.2825196353871,1,1,0,0.739651413853541,0.728745484909902
-0.495929622619998,2.99665953872182,1,1,0,0.740777841940142,0.729858967893732
-1.52556588451376,3.7123538356193,1,1,0,0.570734159582274,0.561769456396828
0.387210422303572,1.69267722506346,1,1,0,0.761769556616942,0.750609442222321
0.917999640960316,2.04878495835175,1,1,0,0.761422914236226,0.750266783514684
-0.476861284963182,2.84310738942772,1,1,0,0.740753737250368,0.729835140219144
0.516022519530784,1.9283940318497,1,1,0,0.760780001192812,0.749631258937092
0.742559118546462,1.13030851990653,1,1,0,0.751709986763834,0.740665478653482
2.71207894768435,0.367893481074888,1,1,0,0.645343904467122,0.635521773429161
2.20483628494443,0.854086032053426,1,1,0,0.652862634112972,0.642954096557688
-0.168328239135378,1.98395168595483,1,1,0,0.736806313643574,0.725933081074477
2.21687086954687,0.455074876198717,1,1,0,0.660685002660575,0.650686569118168
-0.390827491524046,3.10843524197087,1,1,0,0.738592341622385,0.727698583716595
1.87641024956772,0.352113723123956,1,1,0,0.707452405354961,0.696916512882465
0.80433751075386,1.69830048256452,1,1,0,0.761684857271907,0.750525716256537
-0.087751678822345,1.20734837619812,1,1,0,0.61119662785561,0.601766923116646
0.431384885931026,1.70447300913188,1,1,0,0.761450159485126,0.750293715656558
0.289546523943061,1.90827391544905,1,1,0,0.761769556616942,0.750609442222321
-0.422155508915229,2.13329203176833,1,1,0,0.734138092356795,0.723295523439631
0.651329547585897,1.68658410561079,1,1,0,0.761545454817113,0.750387915838415
0.745253454073251,1.5239208529831,1,1,0,0.761952470170401,0.750790253702175
0.671120200808483,2.30742578156856,1,1,0,0.743561568814341,0.732610703706181
1.67990873828624,2.07029372771644,1,1,0,0.604703420777452,0.595348337076391
-0.730699423122969,3.79420407375511,1,1,0,0.706409815120329,0.69588590427178
2.7400892421997,-0.512258382332143,1,1,0,0.553726257532186,0.544957012044031
-0.250374304867253,3.20388875878169,1,1,0,0.735931614798141,0.725068434416648
-2.95767571867056,-1.51282038798146,2,2,1,0.624806688744612,0.608860021852283
-2.42621547106059,-0.905268501869971,2,2,1,0.8083935262741,0.787834124770477
-2.03496314831879,-1.57898257101877,2,2,1,0.799456236666768,0.779121390178406
-1.40771009081492,-1.83070881964378,2,2,1,0.80508205404654,0.784605855362706
0.247289402731758,-2.61740581655158,2,2,1,0.782465849261286,0.76255789692884
-0.987042815660451,-1.63507581068672,2,2,1,0.805007601143499,0.78453327313562
-1.07724853358969,-2.02726564311379,2,2,1,0.793952444492968,0.773755884240128
-1.2695347991238,0.121666391149555,2,2,1,0.569180969883555,0.554631934118388
-2.60436821547401,0.140636258763669,2,2,1,0.787761591274138,0.767720580097148
-2.27803010658333,-1.2270390859688,2,2,1,0.805431380274123,0.784946404549395
-0.222260930667473,-2.58897892867535,2,2,1,0.787292370367613,0.767263148660636
-3.16287096702168,0.342242551318471,2,2,1,0.758361673275093,0.739059353505114
-2.83463334806138,-0.715298947638717,2,2,1,0.79541484068199,0.77518153680631
-1.56229077336307,-1.0934287154373,2,2,1,0.80971135306196,0.789118840332512
0.615335522321749,-4.01302560709699,2,2,1,0.625531451779068,0.609566574760245
-0.0490405087606296,-2.05139619490969,2,2,1,0.786407118438166,0.766400139241979
-1.03990638256699,-1.18374646183952,2,2,1,0.802312314066593,0.781905706839541
-1.76906571840548,-0.172136986953863,2,2,1,0.775106092244508,0.755383058430071
-0.289195178586131,-2.76418310840489,2,2,1,0.789338102264068,0.769257480258185
-4.80275122085619,1.93311653732839,2,-1,1,0.225315017474454,0.0172544528995889
0.722514252664616,-4.63443394804347,2,2,1,0.521040231259469,0.50770076179139
-1.23933772514167,-1.73423695243226,2,2,1,0.804975243530659,0.784501728528128
-1.65586315733151,-2.20032635114556,2,2,1,0.760897515467577,0.741531481069646
-1.419389151671,-2.81087933513813,2,2,1,0.75459676063957,0.735389036664454
-1.01019141910367,-1.67931197910077,2,2,1,0.804287877248036,0.783831632755119
-2.4014658310039,-0.844204610802864,2,2,1,0.808409127086049,0.787849333602227
-0.315855397870456,-2.14978718637941,2,2,1,0.790881150123498,0.770761758070896
0.451100461815657,-3.9178465525633,2,2,1,0.635437094879446,0.619223332355588
-1.25689440874622,-1.06020519646279,2,2,1,0.807966669004084,0.787417992557497
-1.1734918243103,-1.17730909417137,2,2,1,0.806387365027307,0.785878369585162
-1.57758439944847,-1.60506455969669,2,2,1,0.803593281223588,0.783154488892089
-2.22928788751894,-0.828146233735506,2,2,1,0.807108737725925,0.786581617341603
-1.56923833710933,-1.59685914384194,2,2,1,0.804429791098397,0.783969980930847
-2.33585061673867,-0.708000632419232,2,2,1,0.806895508349794,0.786373745487485
0.776048862051912,-3.4417051543405,2,2,1,0.659933578235312,0.6431043261799
-0.275580774924268,-2.64207214584308,2,2,1,0.789495359747161,0.769410786548236
-2.37816325723735,-1.64651510340322,2,2,1,0.759426977604682,0.740097891394261
-1.12421801459975,-1.86446411565789,2,2,1,0.80508205404654,0.784605855362706
-2.07394500067578,-0.0921690850309822,2,2,1,0.787718414581745,0.767678488246272
-0.179167555890596,-2.28668569841453,2,2,1,0.790584166491727,0.770472236339421
-1.91081113536525,-0.392339953250768,2,2,1,0.753001955695147,0.733834302196021
-0.513888808166373,-1.91684420155955,2,2,1,0.7792355046603,0.759408716765065
0.0661561542633697,-2.26857665281293,2,2,1,0.787578000726286,0.767541602377131
-0.310096551863369,-1.02917078347676,2,2,1,0.537765192834014,0.524005498200746
-1.76378616178021,-1.65936817258962,2,2,1,0.805218158327107,0.784738539937731
-0.421119747955561,-2.9963271559293,2,2,1,0.788053526632327,0.768005180396085
-0.6194570248233,-2.22204934348354,2,2,1,0.786779975678291,0.76676362820974
0.0358915812450424,-2.57812196406647,2,2,1,0.787292370367613,0.767263148660636
-2.30956716127217,-0.17676407234495,2,2,1,0.799318822733014,0.778987428856052
-2.38502219107387,-0.867159545552753,2,2,1,0.808410093261462,0.787850275501875
-0.488722095457028,-2.6545692902003,2,2,1,0.789704078938911,0.769614261539187
-2.21788482789693,-1.04878598666447,2,2,1,0.807484240585262,0.786947685455731
-1.23347383416129,-1.76958595011068,2,2,1,0.80508205404654,0.784605855362706
-0.528004774296188,-2.86347502704647,2,2,1,0.790124878925544,0.770024488661835
-2.07809212561343,-1.19458092262419,2,2,1,0.805463844008294,0.784978052611853
-1.33784072898008,-2.01526701814766,2,2,1,0.804897762253133,0.784426194016369
-2.57997719616896,-0.733696259466561,2,2,1,0.805845438698884,0.785350059496146
-1.82115974026161,-2.22990909020744,2,2,1,0.696698857600953,0.678945854807711
-2.4124113388552,0.0796738158309436,2,2,1,0.789692251930278,0.769602731691575
-1.44232861570312,-2.51161967655386,2,2,1,0.75317607167944,0.734004043406839
-1.62457783952455,-1.16405004672041,2,2,1,0.809556028825628,0.788967418715183
-1.86781935010338,-1.09108321899299,2,2,1,0.804838651512845,0.78436856847056
-1.81837158679577,-1.23290888090933,2,2,1,0.805289629399827,0.784808215254855
-1.57006105158632,-1.1464630214358,2,2,1,0.80971135306196,0.789118840332512
-0.678784444581507,-0.706046221976733,2,2,1,0.613948810300393,0.59827495442425
-1.30574202114222,-1.49634206586843,2,2,1,0.791162407388309,0.771035948570259
-2.94474347569662,-0.0814295277442552,2,2,1,0.796773837084855,0.776506387570912
-1.90293751315689,0.00197323872002397,2,2,1,0.789864346209628,0.769770501994057
-1.03425007946985,-2.31356230059111,2,2,1,0.785650291407501,0.765662327965854
-2.77572118801969,0.153470239038515,2,2,1,0.785687759198807,0.765698854355368
-2.10968197221866,-1.80595034196558,2,2,1,0.77639967368241,0.756644137821795
-0.911884601816011,-2.25563270230975,2,2,1,0.784094987082986,0.764146101639442
-1.42865508708674,-1.07247486255819,2,2,1,0.809495502825622,0.788908413468946
-1.38818195780338,-1.71790121306062,2,2,1,0.80508205404654,0.784605855362706
-1.68732127076082,-1.4755885909795,2,2,1,0.805218158327107,0.784738539937731
-0.767510299882533,-2.80931910313817,2,2,1,0.788204163020842,0.768152031950719
-0.590552594275851,-2.31023259955402,2,2,1,0.790254862866474,0.770151206674601
-2.28643161629768,0.572451331807935,2,2,1,0.715635286502312,0.697406494038181
-2.0973039185142,-0.0807152418846508,2,2,1,0.789864346209628,0.769770501994057
-0.302055490797776,-2.15577158699059,2,2,1,0.790896114893614,0.770776346841763
-0.690772346983886,-2.57882149665949,2,2,1,0.789667541926007,0.769578642541684
-3.21737390286623,0.397520173177978,2,2,1,0.758489079547181,0.739183558614587
-3.30793991963255,0.696500702708853,2,2,1,0.752054918013742,0.732911059431234
-0.417749497128199,-2.04789462210926,2,2,1,0.790882149333809,0.77076273217542
-0.182733330522198,-2.91447189541656,2,2,1,0.784706149402723,0.764741908121999
-3.98229841760709,1.52079147057503,2,-1,1,-0.101339579390601,0.308825759423088
-1.61500314521489,-1.13332947088961,2,2,1,0.809709267441454,0.789116807114531
-1.3986180408997,-1.00688816235324,2,2,1,0.809250787845732,0.788669847106642
-1.14084839709218,-0.981142844280666,2,2,1,0.804297289918163,0.783840808925997
-3.27548568252577,-0.328626094814203,2,2,1,0.767118269942797,0.747595935181167
-0.882291373962667,-1.28445132758605,2,2,1,0.7905009169327,0.770391078477857
-3.05371725846127,0.0075295709729204,2,2,1,0.788663462370717,0.768599791115923
-1.08889846887796,-1.55174924797173,2,2,1,0.805007601143499,0.78453327313562
-1.69508998471148,-0.635487034431439,2,2,1,0.71733983414041,0.699068213846177
-0.498061336424955,-2.66594294547815,2,2,1,0.789730008991522,0.769639540082939
-1.7967895760326,-1.43920140554318,2,2,1,0.805199450537185,0.784720302192781
-3.15919413806609,-0.640651356346822,2,2,1,0.750828908649167,0.73171585432205
-1.43146360470986,-1.77422674320914,2,2,1,0.804925961506954,0.784453684746225
-2.80128482169322,-0.111140756077874,2,2,1,0.792682072740128,0.77251743137555
-5.18328062785411,0.537334776823919,2,-1,1,0.214772828970671,0.0302191048780161
-2.28226046134615,-0.306463554461312,2,2,1,0.804360123703136,0.783902063972654
-0.922017006726801,-1.44351421088301,2,2,1,0.804750744438171,0.784282870116356
-1.4319700044887,-1.22959424104565,2,2,1,0.807450707169942,0.786914994588535
-1.00997323748039,-1.92019445894453,2,2,1,0.798998082801959,0.778674747717234
-3.97487882769834,0.595133445516054,2,2,1,0.517921589986991,0.504660478339829
1.47169249012315,-4.73469599853521,2,2,1,0.240465427699833,0.233788787898632
-1.55139501023143,-1.38172240826156,2,2,1,0.804429791098397,0.783969980930847
-1.34464464607729,-1.11361763807614,2,2,1,0.808820574793063,0.788250443427155
-2.08035869776623,-1.63262571123859,2,2,1,0.787944000792422,0.767898406461706
-0.155898696611153,-3.42360868377471,2,2,1,0.677703516495199,0.660427783578986
-1.49769564243627,-1.0441664768529,2,2,1,0.809250787845732,0.788669847106642
-1.91400208838956,-1.52035514483213,2,2,1,0.805217112189517,0.784737520085005
-2.96238364583444,-0.322275602980951,2,2,1,0.796441787808736,0.776182681241429
-2.37959817428285,-1.2814580126994,2,2,1,0.787588026986212,0.767551376720979
-2.71721517124163,-0.377418539341184,2,2,1,0.799055218260412,0.778730447611405
-0.134926059537005,-2.1433997069993,2,2,1,0.790814820409027,0.770697094932165
-1.6232949203429,-1.88425026617113,2,2,1,0.803234716782705,0.782804933608012
-1.47065593098853,-1.06846326771545,2,2,1,0.809495502825622,0.788908413468946
-1.95222207570659,-1.38121435359191,2,2,1,0.804631669176599,0.784166786695527
-1.30152170512436,-2.75687920210224,2,2,1,0.754632714376395,0.735424087041056
-2.60269578334222,0.500041413766894,2,2,1,0.758843202967238,0.739528784461275
-1.35229289805357,-2.63554622868885,2,2,1,0.75459676063957,0.735389036664454
-0.234804498113837,-3.62100966770867,2,2,1,0.590824476179865,0.575731633723837
-1.754946588695,-0.910676210118048,2,2,1,0.792690304430898,0.772525456239919
-2.11753220476622,-0.723548938332454,2,2,1,0.803926278083083,0.783479118996321
-2.27332474419237,-0.292907092479448,2,2,1,0.80432088088282,0.783863807152848
-0.327187214206412,-2.31208060883241,2,2,1,0.790881150123498,0.770761758070896
-1.4228884144394,-1.94370265935979,2,2,1,0.804688366330214,0.784222059297543
0.177551720407289,-2.6090001244641,2,2,1,0.75541740681704,0.736189063591233
-2.32580809206578,-0.553816717412433,2,2,1,0.797263148429042,0.77698340466022
-1.81916116592095,-1.08982634699795,2,2,1,0.805145446202621,0.784667654751045
-2.4278233320008,-0.511098760449226,2,2,1,0.804223552788259,0.783768924487798
-2.19534222326638,-0.919414755861568,2,2,1,0.807593836093319,0.787054527307807
-1.36767939015377,-2.64208280074841,2,2,1,0.754632714376395,0.735424087041056
-1.54570334653657,-1.16884939778543,2,2,1,0.809709267441454,0.789116807114531
0.752919882755931,-3.25019348727648,2,2,1,0.717893938882544,0.699608396358609
-2.27803679515904,-1.22304782472226,2,2,1,0.805463844008294,0.784978052611853
-2.63650591053754,-0.604125900231898,2,2,1,0.803571479670911,0.783133235117117
-0.656081860933157,-2.49304355329748,2,2,1,0.789036611778177,0.768963564910131
0.553394537779804,-3.92716833441026,2,2,1,0.659933578235312,0.6431043261799
0.543646575379024,-2.65066350822881,2,2,1,0.672041305101323,0.654907838803046
-0.66879542752111,-3.00369187850154,2,2,1,0.789624741119519,0.769536917132344
-2.9450963268736,-0.341986546724175,2,2,1,0.79403536304821,0.773836719414585
-1.80448346180861,-1.79717969320298,2,2,1,0.782684624133123,0.7627711749446
-0.0125221665628956,-2.60894199457617,2,2,1,0.787166403112032,0.767140346411476
-1.5003495655627,-0.334705259921493,2,2,1,0.672888762452914,0.655734003256357
0.942947019988083,-3.63646568898306,2,2,1,0.68716848721156,0.669654940960765
-0.954148421247645,-1.47231129388369,2,2,1,0.804788117338823,0.784319303999403
-3.37007339552892,-1.03572501072869,2,2,1,0.60356985801195,0.588156779831497
-1.01090047407186,-1.727600302388,2,2,1,0.805007601143499,0.78453327313562
-2.80095322524646,-0.0626426572902079,2,2,1,0.795778681384717,0.775536235782837
-3.71909488442418,0.0468082389722109,2,2,1,0.618742877608898,0.602948567780281
-0.471334876477822,-2.92100671603573,2,2,1,0.790156543402889,0.770055357549297
-0.50431290698602,-2.92137182042224,2,2,1,0.790187733197074,0.770085763680311
-1.37376310392103,-3.29194107893564,2,2,1,0.592025387432014,0.576902371326433
-2.10706462399245,-0.997995346398718,2,2,1,0.8075749711636,0.787036136371296
-2.97830757171338,-1.2266312364954,2,2,1,0.715036180713129,0.696822441158275
-2.84838636032148,-0.312079246167719,2,2,1,0.801572696664111,0.78118467278888
-2.40151504625429,0.32428156080293,2,2,1,0.789692251930278,0.769602731691575
-1.92391982321278,0.332555294622819,2,2,1,0.715635286502312,0.697406494038181
-2.69111960698482,-0.719776349022496,2,2,1,0.805845438698884,0.785350059496146
-1.35535827158371,-1.01266062355951,2,2,1,0.809150095264739,0.788571684489995
-0.581785254421235,-2.44476041182749,2,2,1,0.789440954925388,0.769357748681784
-1.30034649546716,-2.82355462328875,2,2,1,0.754526224185963,0.73532027248355
-2.03728014842944,-1.18229745647874,2,2,1,0.805699427245386,0.785207716672133
-3.17491962479818,0.356495992848354,2,2,1,0.752054918013742,0.732911059431234
-2.68064215852969,0.897851308978949,2,2,1,0.599235738627646,0.583931557919161
0.773368158087034,-3.26699319966717,2,2,1,0.714641027082245,0.696437216010579
-0.443269117310016,-2.19267811276593,2,2,1,0.790831805031102,0.770713652804941
-3.20476359019448,-0.22796611048204,2,2,1,0.787510941214696,0.767476227777893
-0.536834952465397,-2.76893032153739,2,2,1,0.790187733197074,0.770085763680311
0.187918712804008,-3.19674994788704,2,2,1,0.698428033943106,0.680631584508101
-2.18608525059547,-0.9279108964826,2,2,1,0.807593836093319,0.787054527307807
-3.22643614542641,0.40866128772663,2,2,1,0.758489079547181,0.739183558614587
-3.53848418909867,0.519366814763727,2,2,1,0.734748218631387,0.716039201741903
-2.14473783067554,-1.02708396217425,2,2,1,0.807593836093319,0.787054527307807
-2.3968281787272,-0.887244553449972,2,2,1,0.808410093261462,0.787850275501875
-2.66537751031764,-1.49051571275441,2,2,1,0.75739407733072,0.73811606901663
-1.12937749218824,-1.16731696011068,2,2,1,0.806211643185082,0.7857070628646
1.56993472410534,-5.50268484289484,2,-1,1,0.349926057551518,-0.000353853143776766
-2.51018317905971,-0.914518591188157,2,2,1,0.807607772190422,0.787068113251716
-0.601002022584696,-1.42164639113357,2,2,1,0.712123469799169,0.69398291393562
-2.47158331332295,-0.353196634699483,2,2,1,0.80432088088282,0.783863807152848
-0.643409287374314,-1.95855925580638,2,2,1,0.778254810839225,0.758452663492257
0.509399856660661,-2.91931855964383,2,2,1,0.720991744189681,0.702628367361547
-2.31969910427344,0.292343918863427,2,2,1,0.771830849905483,0.752190108612128
-1.53398148347648,-1.15352094186485,2,2,1,0.809655042577722,0.789063944684561
-5.028233114073,2.3035789641569,2,-1,1,0.392704953983853,0
-2.35796708982357,-0.437405289802959,2,2,1,0.804360123703136,0.783902063972654
-1.94790155762397,0.251464268057461,2,2,1,0.751581682347713,0.732449714108572
-2.44072171899887,-0.838509014378306,2,2,1,0.8083935262741,0.787834124770477
-1.10317896764125,-2.36885500708988,2,2,1,0.76274852198721,0.743335979887781
-1.36119709407334,-2.13821690980805,2,2,1,0.781217062720136,0.76134048693395
-2.85528437036436,-0.632174727075238,2,2,1,0.795468816496156,0.775234156444241
-2.67001492445281,-0.456796405466712,2,2,1,0.801572696664111,0.78118467278888
-2.57575941106807,-1.35290668942834,2,2,1,0.770823390032697,0.751207961801472
-0.188119784589805,-2.25756109601061,2,2,1,0.790896114893614,0.770776346841763
-2.87895979989632,0.654732724058713,2,2,1,0.722274807569866,0.70387919296836
-0.173278747955251,-3.04038871346342,2,2,1,0.772498295650175,0.752840784363234
-1.18504177434119,-2.0937598582964,2,2,1,0.799855076997042,0.779510209394853
